<?xml version="1.0" encoding="UTF-8"?>
<project-private xmlns="http://www.netbeans.org/ns/project-private/1">
    <editor-bookmarks xmlns="http://www.netbeans.org/ns/editor-bookmarks/2" lastBookmarkId="0"/>
    <open-files xmlns="http://www.netbeans.org/ns/projectui-open-files/2">
        <group>
            <file>file:/E:/School/Java%20EE/Lab1/src/java/com/mohawkcollege/cz/Payment.java</file>
            <file>file:/E:/School/Java%20EE/Lab1/web/index.xhtml</file>
            <file>file:/E:/School/Java%20EE/Lab1/src/java/com/mohawkcollege/cz/Mortgage.java</file>
        </group>
    </open-files>
</project-private>
