<?xml version="1.0" encoding="UTF-8"?>
<project-private xmlns="http://www.netbeans.org/ns/project-private/1">
    <editor-bookmarks xmlns="http://www.netbeans.org/ns/editor-bookmarks/2" lastBookmarkId="0"/>
    <open-files xmlns="http://www.netbeans.org/ns/projectui-open-files/2">
        <group>
            <file>file:/E:/School/Java%20EE/Exercise3/src/exercise3/Account.java</file>
            <file>file:/E:/School/Java%20EE/Exercise3/src/exercise3/Exercise3.java</file>
        </group>
    </open-files>
</project-private>
