<?xml version="1.0" encoding="UTF-8"?>
<project-private xmlns="http://www.netbeans.org/ns/project-private/1">
    <editor-bookmarks xmlns="http://www.netbeans.org/ns/editor-bookmarks/2" lastBookmarkId="0"/>
    <open-files xmlns="http://www.netbeans.org/ns/projectui-open-files/2">
        <group>
            <file>file:/E:/School/Java%20EE/Lab3/web/newCar.xhtml</file>
            <file>file:/E:/School/Java%20EE/Lab3/web/carDetails.xhtml</file>
            <file>file:/E:/School/Java%20EE/Lab3/src/java/com/mohawkcollege/cz/Mileage.java</file>
            <file>file:/E:/School/Java%20EE/Lab3/web/newMileage.xhtml</file>
            <file>file:/E:/School/Java%20EE/Lab3/src/java/com/mohawkcollege/cz/Cars.java</file>
            <file>file:/E:/School/Java%20EE/Lab3/web/index.xhtml</file>
            <file>file:/E:/School/Java%20EE/Lab3/src/java/com/mohawkcollege/cz/CarBean.java</file>
        </group>
    </open-files>
</project-private>
