<?xml version="1.0" encoding="UTF-8"?>
<project-private xmlns="http://www.netbeans.org/ns/project-private/1">
    <editor-bookmarks xmlns="http://www.netbeans.org/ns/editor-bookmarks/2" lastBookmarkId="0"/>
    <open-files xmlns="http://www.netbeans.org/ns/projectui-open-files/2">
        <group>
            <file>file:/E:/School/Java%20EE/FinalProject/FinalProject/FinalProject/src/java/com/mohawkcollege/cz/Register.java</file>
            <file>file:/E:/School/Java%20EE/FinalProject/FinalProject/FinalProject/src/java/com/mohawkcollege/cz/Users.java</file>
            <file>file:/E:/School/Java%20EE/FinalProject/FinalProject/FinalProject/src/java/com/mohawkcollege/cz/Costs.java</file>
            <file>file:/E:/School/Java%20EE/FinalProject/FinalProject/FinalProject/src/java/com/mohawkcollege/cz/Meters.java</file>
            <file>file:/E:/School/Java%20EE/FinalProject/FinalProject/FinalProject/src/java/com/mohawkcollege/cz/Login.java</file>
            <file>file:/E:/School/Java%20EE/FinalProject/FinalProject/FinalProject/src/java/com/mohawkcollege/cz/LanguageSwitcher.java</file>
            <file>file:/E:/School/Java%20EE/FinalProject/FinalProject/FinalProject/src/java/com/mohawkcollege/cz/RestrictFilter.java</file>
            <file>file:/E:/School/Java%20EE/FinalProject/FinalProject/FinalProject/src/java/com/mohawkcollege/cz/FPBean.java</file>
            <file>file:/E:/School/Java%20EE/FinalProject/FinalProject/FinalProject/src/java/com/mohawkcollege/cz/Readings.java</file>
        </group>
    </open-files>
</project-private>
